<?xml version="1.0" encoding="UTF-8"?>
<Window size="900,390" caption="0,0,0,35" >

  <VBox bkcolor="app_frame_bg_color">
    <HBox width="stretch" height="35" >
      <Control />
      <Button class="btn_wnd_min" name="minbtn" margin="4,6,0,0"/>
      <!--<Box width="21" margin="4,6,0,0">
        <Button class="btn_wnd_max" name="maxbtn"/>
        <Button class="btn_wnd_restore" name="restorebtn" visible="false"/>
      </Box>-->
      <Button class="btn_wnd_close" name="closebtn" margin="4,6,8,0"/>
    </HBox>
    <Box padding="5,0,5,5">
      <HBox width="stretch">
        <VBox width="stretch">
          <HBox width="stretch" childmargin="5">
            <Keycap text="Esc" vk="27" width="stretch"/>
            <Control width="50"/>
            <Keycap text="F1" vk="112" width="stretch"/>
            <Keycap text="F2" vk="113" width="stretch"/>
            <Keycap text="F3" vk="114" width="stretch"/>
            <Keycap text="F4" vk="115" width="stretch"/>
            <Control width="25"/>
            <Keycap text="F5" vk="116" width="stretch"/>
            <Keycap text="F6" vk="117" width="stretch"/>
            <Keycap text="F7" vk="118" width="stretch"/>
            <Keycap text="F8" vk="119" width="stretch"/>
            <Control width="25"/>
            <Keycap text="F9" vk="120" width="stretch"/>
            <Keycap text="F10" vk="121" width="stretch"/>
            <Keycap text="F11" vk="122" width="stretch"/>
            <Keycap text="F12" vk="123" width="stretch"/>
          </HBox>
          <Control width="stretch" height="10"/>
          <HBox width="stretch" childmargin="5">
            <Keycap text="~ `" vk="192" />
            <Keycap text="! 1" vk="49"/>
            <Keycap text="@ 2" vk="50" />
            <Keycap text="# 3" vk="51"/>
            <Keycap text="$ 4" vk="52"/>
            <Keycap text="% 5" vk="53"/>
            <Keycap text="^ 6" vk="54"/>
            <Keycap text="&amp; 7" vk="55"/>
            <Keycap text="* 8" vk="56"/>
            <Keycap text="( 9" vk="57"/>
            <Keycap text=") 0" vk="48"/>
            <Keycap text="_ -" vk="189"/>
            <Keycap text="+ =" vk="187"/>
            <Keycap text="Backspace" vk="8" width="120" align="right"/>
          </HBox>
          <HBox width="stretch" childmargin="5">
            <Keycap text="Tab" vk="9" width="100"/>
            <Keycap text="Q" vk="81"/>
            <Keycap text="W" vk="87"/>
            <Keycap text="E" vk="69"/>
            <Keycap text="R" vk="82"/>
            <Keycap text="T" vk="84"/>
            <Keycap text="Y" vk="89"/>
            <Keycap text="U" vk="85"/>
            <Keycap text="I" vk="73"/>
            <Keycap text="O" vk="79"/>
            <Keycap text="P" vk="80"/>
            <Keycap text="{ [" vk="219"/>
            <Keycap text="} ]" vk="221"/>
            <Keycap text="| \" vk="220" width="80" align="right"/>          
          </HBox>
          <HBox width="stretch" childmargin="5">
            <Keycap text="CapsLock" vk="20" width="110"/>
            <Keycap text="A" vk="65"/>
            <Keycap text="S" vk="83"/>
            <Keycap text="D" vk="68"/>
            <Keycap text="F" vk="70"/>
            <Keycap text="G" vk="71"/>
            <Keycap text="H" vk="72"/>
            <Keycap text="J" vk="74"/>
            <Keycap text="K" vk="75"/>
            <Keycap text="L" vk="76"/>
            <Keycap text=": ;" vk="186"/>
            <Keycap text="&quot; '" vk="222"/>
            <Keycap text="Enter" vk="13" width="120" align="right"/>
          </HBox>
          <HBox width="stretch" childmargin="5">
            <Keycap text="Shirft" vk="160" width="140"/>
            <Keycap text="Z" vk="90"/>
            <Keycap text="X" vk="88"/>
            <Keycap text="C" vk="67"/>
            <Keycap text="V" vk="86"/>
            <Keycap text="B" vk="66"/>
            <Keycap text="N" vk="78"/>
            <Keycap text="M" vk="77"/>
            <Keycap text="&lt; ," vk="188"/>
            <Keycap text="&gt; ." vk="190"/>
            <Keycap text="? /" vk="191"/>
            <Keycap text="Shift" vk="161" width="140" align="right"/>
          </HBox>
          <HBox width="stretch" childmargin="5">
            <Keycap text="Ctrl" vk="162"/>
            <Keycap text="Win" vk="91"/>
            <Keycap text="Alt" vk="164"/>
            <Keycap text="Poker" vk="32" width="340" align="right"/>
            <Keycap text="Alt" vk="165" align="right"/>
            <Keycap text="Win" vk="92" align="right"/>
            <Control width="70"/>
            <Keycap text="Ctrl" vk="163" align="right"/>
          </HBox>
        </VBox>
        
        <!--<VBox width="stretch" >
        </VBox>-->
        <!--<VBox width="stretch" bkcolor="bk_wnd_lightcolor">
        </VBox>-->
      </HBox>
      <!--<VBox margin="0,0,0,0" valign="center" halign="center" width="stretch" height="stretch">
        <Button class="btn_global_win" text="一个简单窗口，带有标题栏和常规按钮。" height="stretch"/>
        <Button   text="一个简单窗口，带有标题栏和常规按钮。"/>
        <Keycap class="btn_global_win" text="自定义控件" height="stretch"/>
      </VBox>-->
    </Box>
  <!--<Chart float="true" width="stretch" height="stretch" margin="0,35,0,0" mouse="false" />-->
  </VBox>
</Window>